{
    "feature": "oreganizedcompat:ore_silver",
    "placement": [
      {
        "type": "minecraft:count",
        "count": 2
      },
      {
        "type": "minecraft:in_square"
      },
      {
        "type": "minecraft:height_range",
        "height": {
          "type": "minecraft:trapezoid",
          "max_inclusive": {
            "absolute": 5
          },
          "min_inclusive": {
            "absolute": -25
          }
        }
      },
      {
        "type": "minecraft:biome"
      }
    ]
  }