{
    "feature": "oreganizedcompat:ore_lead",
    "placement": [
      {
        "type": "minecraft:count",
        "count": 10
      },
      {
        "type": "minecraft:in_square"
      },
      {
        "type": "minecraft:height_range",
        "height": {
          "type": "minecraft:trapezoid",
          "max_inclusive": {
            "absolute": -20
          },
          "min_inclusive": {
            "absolute": -45
          }
        }
      },
      {
        "type": "minecraft:biome"
      }
    ]
  }