{
    "feature": "embers:ore_lead",
    "placement": [
      {
        "type": "minecraft:count",
        "count": 0
      },
      {
        "type": "minecraft:in_square"
      },
      {
        "type": "minecraft:height_range",
        "height": {
          "type": "minecraft:trapezoid",
          "max_inclusive": {
            "absolute": 28
          },
          "min_inclusive": {
            "absolute": -28
          }
        }
      },
      {
        "type": "minecraft:biome"
      }
    ]
  }
